Species,X99_Body_mass_average_8,X163_Food_Fruit_10,X164_Food_Nectar_or_pollen_10,X165_Food_Seeds_10,X166_Food_Foliage_or_herbs_10,X167_Food_Corms_or_tubers,X168_Food_Terrestrial_invertebrates_10,X169_Food_Terrestrial_vertebrates_10,X170_Food_Carrion_10
Albert's Lyrebird,928,0,0,0,0,0,1,0,0
Australasian Figbird,123,1,0,0,0,0,0,0,0
Australian Brush-turkey,2230,1,0,1,1,0,1,1,0
Australian King-Parrot,207,1,0,1,0,0,0,0,0
Australian Logrunner,58.8,0,0,0,0,0,1,0,0
Australian Magpie,280,0,0,1,1,0,1,1,1
Australian Owlet-nightjar,42.8,0,0,0,0,0,1,0,0
Barred Cuckoo-shrike,83,1,0,0,0,0,0,0,0
Bar-shouldered Dove,123,0,0,1,0,0,0,0,0
Bell Miner,31.3,0,1,0,0,0,1,0,0
Black-faced Cuckoo-shrike,115,1,0,1,1,0,1,0,0
Black-faced Monarch,22.6,0,0,0,0,0,1,0,0
Brown Cuckoo-Dove,202,1,0,1,0,0,0,0,0
Brown Gerygone,5.4,0,0,0,0,0,1,0,0
Brown Honeyeater,10.8,0,1,0,0,0,1,0,0
Brown Thornbill,9,0,0,1,0,0,1,0,0
Brown-capped Emerald Dove,136,1,0,1,0,0,0,0,0
Brush Cuckoo,37.4,0,0,0,0,0,1,0,0
Cicadabird,65,1,0,1,0,0,1,0,0
Collared Sparrowhawk,180,0,0,0,0,0,1,1,0
Crimson Rosella,126,1,0,1,0,0,1,0,0
Dusky Woodswallow,34.5,1,0,0,0,0,1,0,0
Eastern Koel,243,1,0,0,0,0,0,0,0
Eastern Rosella,104,1,0,1,0,0,0,0,0
Eastern Spinebill,10.5,0,1,0,0,0,1,0,0
Eastern Whipbird,58.7,0,0,1,0,0,1,0,0
Eastern Yellow Robin,19.4,0,0,0,0,0,1,0,0
Fairy Martin,10.8,0,0,0,0,0,1,0,0
Fan-tailed Cuckoo,49.9,0,0,0,0,0,1,0,0
Glossy Black-Cockatoo,460,0,0,1,0,0,0,0,0
Golden Whistler,38.5,1,0,0,0,0,1,0,0
Green Catbird,208,1,0,1,1,0,1,1,0
Grey Butcherbird,90.8,0,0,0,0,0,1,1,0
Grey Fantail,7.8,0,0,0,0,0,1,0,0
Grey Shrike-thrush,67.5,1,0,1,0,0,1,1,0
Large-billed Scrubwren,9.7,0,0,0,0,0,1,0,0
Laughing Kookaburra,312,0,0,0,0,0,1,1,0
Leaden Flycatcher,13.5,0,0,0,0,0,1,0,0
Lewin's Honeyeater,33.3,1,1,0,0,0,1,0,0
Little Lorikeet,39.5,0,1,0,0,0,0,0,0
Little Shrike-thrush,38.1,0,0,0,0,0,1,0,0
Mistletoebird,8.8,1,0,0,0,0,1,0,0
Noisy Friarbird,100,1,1,0,0,0,1,1,0
Noisy Miner,71.3,1,1,0,0,0,1,1,0
Noisy Pitta,90.5,1,0,1,0,0,1,0,0
Olive-backed Oriole,97.2,1,0,1,0,0,1,0,0
Painted Button-quail,80.9,0,0,1,0,0,1,0,0
Pale-yellow Robin,13.7,0,0,0,0,0,1,0,0
Paradise Riflebird,121,1,0,0,0,0,1,0,0
Peaceful Dove,45.4,0,0,1,0,0,0,0,0
Pied Currawong,308,1,0,1,0,0,1,1,0
Rainbow Bee-eater,28,0,0,0,0,0,1,0,0
Rainbow Lorikeet,126,0,1,1,0,0,0,0,0
Red Wattlebird,90.9,0,1,0,0,0,1,0,0
Red-browed Finch,9.5,0,0,1,0,0,0,0,0
Restless Flycatcher,16.9,0,0,0,0,0,1,0,0
Rose-crowned Fruit-Dove,93,1,0,0,0,0,0,0,0
Rufous Fantail,9.7,0,0,0,0,0,1,0,0
Rufous Whistler,23.5,0,0,0,0,0,1,0,0
Russet-tailed Thrush,93,0,0,0,0,0,1,0,0
Sacred Kingfisher,53.1,0,0,0,0,0,1,1,0
Satin Bowerbird,202,1,1,0,1,0,0,0,0
Scaly-breasted Lorikeet,86.9,0,1,0,0,0,0,0,0
Scarlet Honeyeater,8.3,0,1,0,0,0,1,0,0
Shining Bronze-Cuckoo,24.2,0,0,0,0,0,1,0,0
Silvereye,11.7,1,0,0,0,0,1,0,0
Spangled Drongo,79.5,0,1,0,0,0,1,1,0
Spectacled Monarch,13.1,0,0,0,0,0,1,0,0
Spotted Pardalote,8.5,0,0,0,0,0,1,0,0
Spotted Quail-thrush,112,0,0,1,0,0,1,0,0
Striated Thornbill,7.3,0,0,1,0,0,1,0,0
Sulphur-crested Cockatoo,735,0,0,1,0,1,0,0,0
Superb Fairy-wren,10.6,1,0,1,0,0,1,0,0
Superb Fruit-Dove,113,1,0,0,0,0,0,0,0
Superb Lyrebird,1080,0,0,1,0,0,1,0,0
Topknot Pigeon,517,1,0,0,0,0,0,0,0
Torresian Crow,582,0,0,1,0,0,1,1,1
Varied Sittella,12.1,0,0,0,0,0,1,0,0
Variegated Fairy-wren,8,0,0,0,0,0,1,0,0
White-bellied Cuckoo-shrike,65.9,1,0,1,0,0,1,0,0
White-browed Scrubwren,13.1,0,0,1,0,0,1,0,0
White-cheeked Honeyeater,18.3,0,1,0,0,0,1,0,0
White-headed Pigeon,420,1,0,1,0,0,0,0,0
White-naped Honeyeater,14.9,0,1,0,0,0,1,0,0
White-throated Gerygone,6.5,0,0,0,0,0,1,0,0
White-throated Treecreeper,20.7,0,0,0,0,0,1,0,0
Willie Wagtail,20.7,0,0,0,0,0,1,0,0
Wompoo Fruit-Dove,336,1,0,0,0,0,0,0,0
Wonga Pigeon,429,1,0,1,0,0,0,0,0
Yellow-faced Honeyeater,16.2,0,1,0,0,0,1,0,0
Yellow-tailed Black-Cockatoo,661,0,0,1,0,0,1,0,0
Yellow-throated Scrubwren,16.6,0,0,1,0,0,1,0,0
Yellow-tufted Honeyeater,26.8,0,1,0,0,0,1,0,0
